Dock_site,ALA,ARG,ASN,ASP,CYS,GLN,GLU,GLY,HIS,ILE,LEU,LYS,MET,PHE,PRO,SER,THR,TYR,VAL,1A,1B,2A,2B,3A,3B
1,3,6,2,4,2,4,10,2,4,1,3,8,0,4,5,2,10,2,5,18,15,4,0,17,23
2,0,5,3,5,2,4,10,1,3,1,3,8,0,3,6,1,10,3,3,20,13,4,0,18,16
3,0,4,3,5,2,5,7,1,2,0,2,6,1,2,5,2,9,2,1,22,9,3,0,19,6
4,5,0,0,2,0,3,4,0,1,0,0,5,0,1,3,2,2,1,4,0,0,0,0,12,21
5,3,4,3,3,2,4,9,0,0,0,5,9,0,0,3,2,6,0,2,0,0,0,9,36,10
6,0,0,2,2,0,2,4,1,2,0,1,3,1,1,4,2,6,2,3,8,3,0,0,13,12
7,0,4,2,4,2,5,8,1,3,0,2,6,0,3,5,2,9,2,1,22,8,3,0,20,6
8,4,1,0,1,0,2,4,0,1,0,1,5,0,1,3,1,2,1,2,0,0,0,0,11,18
9,0,2,2,4,1,4,7,1,1,0,2,6,1,3,6,2,8,2,4,20,6,3,0,16,11
10,3,3,1,3,4,5,14,1,2,0,2,11,0,2,3,3,0,3,1,0,4,28,9,16,4
11,1,1,3,3,0,4,5,1,2,0,0,5,1,1,5,2,7,2,3,10,5,3,0,15,13
12,3,2,2,0,1,4,8,0,1,0,4,6,0,0,3,1,1,0,2,0,0,0,3,25,10
